Frameworks for Effective Problem Solving,https://courses.analyticsvidhya.com/courses/frameworks-for-effective-problem-solving,18 Lessons,Free,No reviews available,https://import.cdn.thinkific.com/118220/zdlLMkFXQjuKiItB273o_Thumbnail%201.jpg
Anyone can Build AI Agents - Free Course,https://courses.analyticsvidhya.com/courses/your-ultimate-guide-to-becoming-an-agentic-ai-expert-by-2025,5 Lessons,Free,(1),https://import.cdn.thinkific.com/118220/HDiuucWOTp2G0PDvjEQm_build%20your%20first%20agent%20using%20no%20code%20tools%20(1).jpg
A Comprehensive Learning Path to Become a Data Analyst in 2025,https://courses.analyticsvidhya.com/courses/a-comprehensive-learning-path-to-become-a-data-analyst-in-2025,298 Lessons,Free,No reviews available,https://import.cdn.thinkific.com/118220/qdmHBCw7Qtqw2Y9g0vOE_Become%20a%20GenAI%20Expert%20in%202025.%20Thumbnail.jpg
Reimagining GenAI: Common Mistakes and Best Practices for Success,https://courses.analyticsvidhya.com/courses/reimagining-genai-common-mistakes-and-best-practices-for-success,6 Lessons,Free,No reviews available,https://import.cdn.thinkific.com/118220/ky8mTd5ISIypAcrVJkdO_unnamed%20(4).jpg
Coding a ChatGPT-style Language Model from Scratch in PyTorch,https://courses.analyticsvidhya.com/courses/coding-a-chatgpt-style-language-model-from-scratch-in-pytorch,7 Lessons,Free,(5),https://import.cdn.thinkific.com/118220/Q1tYD2LSlaLzL1XPZWgw_1Mastering%20Multilingual%20GenAI%20Open-Weights%20for%20Indic%20Languages%20copy.png
Mastering Multilingual GenAI Open-Weights for Indic Languages,https://courses.analyticsvidhya.com/courses/mastering-multilingual-genai-open-weights-for-indic-languages,9 Lessons,Free,No reviews available,https://import.cdn.thinkific.com/118220/beC0zMfQhOnHcT2FLR4g_unnamed%20(2).jpg
Learning Autonomous Driving Behaviors with LLMs & RL,https://courses.analyticsvidhya.com/courses/learning-autonomous-driving-behaviors-with-llms-and-rl,6 Lessons,Free,(1),https://import.cdn.thinkific.com/118220/lrzfD3upSjb0iUOrJcOo_unnamed%20(1).jpg
GenAI Applied to Quantitative Finance: For Control Implementation,https://courses.analyticsvidhya.com/courses/genai-applied-to-quantitative-finance-for-control-implementation,5 Lessons,Free,(1),https://import.cdn.thinkific.com/118220/0hkgoKCKTnKKxhQGAEIp_govind_av_httpss.mj.runER3kgo8rubs_based_on_this_theme_create_b2190701-9e82-47ea-b65a-c52d6de94e07_3.png
"Navigating LLM Tradeoffs: Techniques for Speed, Cost, Scale & Accuracy",https://courses.analyticsvidhya.com/courses/navigating-llm-tradeoffs-techniques-for-speed-cost-scale-and-accuracy,6 Lessons,Free,No reviews available,https://import.cdn.thinkific.com/118220/SV5jeKd1Q4iFyzMlUSdw_Thumbnail.png
Creating Problem-Solving Agents using GenAI for Action Composition,https://courses.analyticsvidhya.com/courses/creating-problem-solving-agents-using-genai-for-action-composition,6 Lessons,Free,(2),https://import.cdn.thinkific.com/118220/ih6JsBMgSCWbl9ofgpYg_Thumbnail%20.png
Improving Real World RAG Systems: Key Challenges & Practical Solutions,https://courses.analyticsvidhya.com/courses/improving-real-world-rag-systems-key-challenges,12 Lessons,Free,(12),https://import.cdn.thinkific.com/118220/70WfAJhFRsyXXdLQcWIl_281762.jpg
Framework to Choose the Right LLM for your Business,https://courses.analyticsvidhya.com/courses/choosing-the-right-LLM-for-your-business,6 Lessons,Free,(4),https://import.cdn.thinkific.com/118220/A3lVcQcRRbKN9IBZANvV_cinematic-person-is-looking-customer-journey-map%201.jpg
Building Smarter LLMs with Mamba and State Space Model,https://courses.analyticsvidhya.com/courses/building-smarter-llms-with-mamba-and-state-space-model,14 Lessons,Free,No reviews available,https://import.cdn.thinkific.com/118220/FbdKUqgKSj2K80QgVl1z_THUMBNAIL%20(1).png
Generative AI - A Way of Life - Free Course,https://courses.analyticsvidhya.com/courses/genai-a-way-of-life,31 Lessons,Free,(22),https://import.cdn.thinkific.com/118220/0hkgoKCKTnKKxhQGAEIp_govind_av_httpss.mj.runER3kgo8rubs_based_on_this_theme_create_b2190701-9e82-47ea-b65a-c52d6de94e07_3.png
Building LLM Applications using Prompt Engineering - Free Course,https://courses.analyticsvidhya.com/courses/building-llm-applications-using-prompt-engineering-free,18 Lessons,Free,(11),https://import.cdn.thinkific.com/118220/GnpgN0uiTA1VO2MpQvTA_3.png
Building Your First Computer Vision Model - Free Course,https://courses.analyticsvidhya.com/courses/building-your-first-computer-vision-model,7 Lessons,Free,(2),https://import.cdn.thinkific.com/118220/cv8WEAZPRtGcSR8A2kBY_cv%20thumbnail.png
Bagging and Boosting ML Algorithms - Free Course,https://courses.analyticsvidhya.com/courses/bagging-boosting-ML-Algorithms,16 Lessons,Free,No reviews available,https://import.cdn.thinkific.com/118220/ZPH29GMrTey5gAaobwAH_Getting%20started%20with%20Decision%20Trees.jpg
MidJourney: From Inspiration to Implementation - Free Course,https://courses.analyticsvidhya.com/courses/midjourney_from_inspiration_to_implementation,5 Lessons,Free,(2),https://import.cdn.thinkific.com/118220/NclAzDSwRwedON784y83_QZQvFaQFTFu4cFHZ0O5A_Midjourney%20(1).png
Understanding Linear Regression - Free Course,https://courses.analyticsvidhya.com/courses/free-understanding-linear-regression,10 Lessons,Free,(4),https://import.cdn.thinkific.com/118220/vK6lGCCqSsWtESgG69K1_Foundational%20ML%20Algorithms.png
The Working of Neural Networks - Free Course,https://courses.analyticsvidhya.com/courses/the-working-of-neural-networks,11 Lessons,Free,No reviews available,https://import.cdn.thinkific.com/118220/cu3qVXYTR7WEDj7eYQXS_unnamed.jpg
The A to Z of Unsupervised ML - Free Course,https://courses.analyticsvidhya.com/courses/free-unsupervised-ml-guide,13 Lessons,Free,No reviews available,https://import.cdn.thinkific.com/118220/a8FaIfN8SyfgOEhgzcHx_Getting_Started_with_Neural_Networks_307d8d11-d90e-45eb-8885-7d8f59fadc48.png
Building Your first RAG System using LlamaIndex - Free Course,https://courses.analyticsvidhya.com/courses/building-first-rag-systems-using-llamaindex,12 Lessons,Free,(16),https://import.cdn.thinkific.com/118220/HSr06pXxRTeF2Lpp6VQl_DALL%C2%B7E%202024-07-03%2011.42.42%20-%20A%20visually%20striking%20representation%20of%20a%20Retrieval-Augmented%20Generation%20(RAG)%20system%20using%20LlamaIndex.%20The%20image%20should%20have%20a%20dark%20background%20with%20int.png
Data Preprocessing on a Real-World Problem Statement - Free Course,https://courses.analyticsvidhya.com/courses/data-preprocessing,13 Lessons,Free,(3),https://import.cdn.thinkific.com/118220/2BmYWOASeye7uIgp3mHr_Building%20your%20first%20ML%20model.png
Exploring Stability.AI - Free Course,https://courses.analyticsvidhya.com/courses/exploring-stability-ai,7 Lessons,Free,(2),https://import.cdn.thinkific.com/118220/imiRzsUqTwuQxv4wfyUb_mastering-stable-diffusion-thumbnail_2.png
Building a Text Classification Model with Natural Language Processing - Free Course,https://courses.analyticsvidhya.com/courses/free-building-textclassification-natural-language-processing,16 Lessons,Free,(1),https://import.cdn.thinkific.com/118220/YfA6OJ6ATeiwbbvvzb5h_NLP%20Banner.png
Getting Started with Large Language Models,https://courses.analyticsvidhya.com/courses/getting-started-with-llms,18 Lessons,Free,(27),https://import.cdn.thinkific.com/118220/TwSmk34ARlGMcQu4M8Co_A_Comprehensive_Learning_Path_to_Become_a_Data_Sc_265db306-1f93-496d-827e-0f1e534c9cf1.png
Introduction to Generative  AI,https://courses.analyticsvidhya.com/courses/introduction-to-generative-ai,9 Lessons,Free,(77),https://import.cdn.thinkific.com/118220/CNjAWH6TUaIQt8N5FX9Y_thumbnail%201.png
Exploring Natural Language Processing (NLP) using Deep Learning,https://courses.analyticsvidhya.com/courses/exploring-natural-language-processing-nlp-using-deep-learning,79 Lessons,Free,(1),https://import.cdn.thinkific.com/118220/vl3JHf3eS0Wp9XPLeDaL_8.png
Getting Started with Deep Learning,https://courses.analyticsvidhya.com/courses/getting-started-with-deep-learning,299 Lessons,Free,(4),https://import.cdn.thinkific.com/118220/KybSy5ROKQAC4fyxyFlQ_6_.png
Nano Course: Dreambooth-Stable Diffusion for Custom Images,https://courses.analyticsvidhya.com/courses/nano-course-dreambooth-stable-diffusion-for-custom-images,13 Lessons,Free,(1),https://import.cdn.thinkific.com/118220/sU6NzHaSiCPghfiOpQ52_Introduction_to_Natural_Language_Processing_b92e8456-3145-489b-97e7-51925a655b2c.png
A Comprehensive Learning Path for Deep Learning in 2023,https://courses.analyticsvidhya.com/courses/a-comprehensive-learning-path-for-deep-learning-in-2023,72 Lessons,Free,No reviews available,https://files.cdn.thinkific.com/courses/course_card_image_000/580/9901576591074.original.jpg
A Comprehensive Learning Path to Become a Data Scientist in 2024,https://courses.analyticsvidhya.com/courses/a-comprehensive-learning-path-to-become-a-data-scientist-in-twenty-twenty-four,389 Lessons,Free,(6),https://import.cdn.thinkific.com/118220/1b0s4lDiQluveqaLqKj8_A_Comprehensive_Learning_Path_to_Become_a_Data_Sc_6e902c6d-46bf-4b8b-91cc-24329e68086c.png
Nano Course: Building Large Language Models for Code,https://courses.analyticsvidhya.com/courses/building-large-language-models-for-code,10 Lessons,Free,(17),https://import.cdn.thinkific.com/118220/OelAeGXrRuGrnkcJSdAO_OG.png
Nano Course: Cutting Edge LLM Tricks,https://courses.analyticsvidhya.com/courses/cutting-edge-llm-tricks,12 Lessons,Free,No reviews available,https://import.cdn.thinkific.com/118220/OelAeGXrRuGrnkcJSdAO_OG.png
Certified AI & ML BlackBelt+ Program,https://courses.analyticsvidhya.com/bundles/certified-ai-ml-blackbelt-plus,No lesson count available,"$1,699.00",No reviews available,https://files.cdn.thinkific.com/bundles/bundle_card_image_000/048/808/1719037298.original.png
Machine Learning Summer Training,https://courses.analyticsvidhya.com/courses/machine-learning-summer-training,263 Lessons,Free,(82),https://import.cdn.thinkific.com/118220/courses/1903742/zJ10PGDvQPKiGRGM73Dn_icon%282%29%20%281%29.jpg
AI Ethics by Fractal,https://courses.analyticsvidhya.com/courses/ai-ethics-fractal,5 Lessons,$20.00,No reviews available,https://import.cdn.thinkific.com/118220/courses/1720521/9MuNm0LRmeWOiy5VjCDB_ai.png
A Comprehensive Learning Path to Become a Data Engineer in 2022,https://courses.analyticsvidhya.com/courses/a-comprehensive-learning-path-to-become-a-data-engineer-in-2022,204 Lessons,Free,(1),https://import.cdn.thinkific.com/118220/courses/1667459/Rqbh8QTKShaGKJ6vNiRx_overview%20of%20data%20engineering.jpg
Certified Business Analytics Program,https://courses.analyticsvidhya.com/bundles/certified-business-analytics-program,No lesson count available,$280.00,No reviews available,https://files.cdn.thinkific.com/bundles/bundle_card_image_000/048/438/1719206987.original.png
Certified Machine Learning Master's Program (MLMP),https://courses.analyticsvidhya.com/bundles/certified-machine-learning-master-s-program-mlmp,No lesson count available,$330.00,No reviews available,https://files.cdn.thinkific.com/bundles/bundle_card_image_000/046/940/1719206858.original.png
Certified Natural Language Processing Masterâ€™s Program,https://courses.analyticsvidhya.com/bundles/certified-natural-language-processing-master-s-program,No lesson count available,$250.00,No reviews available,https://import.cdn.thinkific.com/118220/moBOBv3RMCKDgEoIi3DK_nlp%20master_thumb.jpg
Certified Computer Vision Master's Program,https://courses.analyticsvidhya.com/bundles/certified-computer-vision-masters-program,No lesson count available,$230.00,No reviews available,https://import.cdn.thinkific.com/118220/BY3BuXPFRuaKZuKdYB5T_thumb_.jpg
Applied Machine Learning - Beginner to Professional,https://courses.analyticsvidhya.com/courses/applied-machine-learning-beginner-to-professional,612 Lessons,$250.00,(100),https://files.cdn.thinkific.com/courses/course_card_image_000/739/8911589353707.original.jpg
Ace Data Science Interviews,https://courses.analyticsvidhya.com/courses/ace-data-science-interviews,59 Lessons,$60.00,(29),https://import.cdn.thinkific.com/118220/eZzXQDJSgyLlxFiQ5rbu_data_science_interview.jpg
Writing Powerful Data Science Articles,https://courses.analyticsvidhya.com/courses/writing-powerful-data-science-articles,6 Lessons,Free,(56),https://import.cdn.thinkific.com/118220/courses/1292824/YfJD5SeRLaXRxYgVb2uw_icon.png
